nombre,numero,email
Kareem,45,quis.diam.luctus@idante.net
Jescie,85,suspendisse.sagittis@mattiscras.co.uk
Amy,73,arcu.iaculis.enim@blanditenimconsequat.org
Shannon,49,dolor@lobortis.co.uk
Buffy,81,ridiculus.mus@fringillaporttitor.edu
Honorato,11,nascetur@risusdonec.net
September,36,in@maecenasmalesuada.co.uk
Quinlan,99,fringilla.cursus.purus@musproinvel.edu
Noel,91,ornare@donecnibhenim.co.uk
Armando,89,sit@sociosquad.edu
Cecilia,53,aliquam.ultrices.iaculis@nisi.ca
Murphy,16,ultrices.posuere@rhoncus.com
Ginger,37,at.egestas@iaculisodionam.net
Kane,68,bibendum.ullamcorper@posuerevulputatelacus.edu
Kamal,57,tempus.eu.ligula@rutrummagna.edu
Vance,93,nam.tempor@venenatisamagna.ca
Flynn,47,aenean@arcuvestibulum.edu
Deborah,64,id.blandit@magna.org
Pearl,46,primis.in@nullatempor.ca
Levi,50,pede.et.risus@auctorvelit.co.uk
